intersect_bp,f_orig_query,f_match,f_unique_to_query,f_unique_weighted,average_abund,median_abund,std_abund,filename,name,md5,f_match_orig,unique_intersect_bp,gather_result_rank,remaining_bp,query_filename,query_name,query_md5,query_bp,ksize,moltype,scaled,query_n_hashes,query_abundance,query_containment_ani,match_containment_ani,average_containment_ani,max_containment_ani,potential_false_negative,n_unique_weighted_found,sum_weighted_found,total_weighted_hashes
2197000,0.005954462052161847,0.6322302158273382,0.005954462052161847,0.007315298204805824,16.851160673645882,13.0,90.29214287455753,/data/namlhs/StrainDB_CRC/sourmash/database/fuso_db_reps.zip,GCF_900478315.1 Fusobacterium ulcerans,0a4aef75a515abd7de759a03a78e70a6,0.6322302158273382,2197000,0,135000,../../test_fastq/DRR127478_2.fastq.gz,DRR127478,e338b2c5,368967000,31,DNA,1000,368967,True,0.8476581204066471,0.9853184634125317,0.9164882919095894,0.9853184634125317,False,37022,37022,5060901
453000,0.0012277520753888559,0.020926339285714284,0.00020327021115709536,0.00023829748892539095,16.08,13.0,10.326354632686213,/data/namlhs/StrainDB_CRC/sourmash/database/fuso_db_reps.zip,GCF_037956035.1 Fusobacterium ulcerans,4ee00576ab1f9c5f21142aa1fa8c3f3d,0.12639508928571427,75000,1,60000,../../test_fastq/DRR127478_2.fastq.gz,DRR127478,e338b2c5,368967000,31,DNA,1000,368967,True,0.8055645466428862,0.9354564092111667,0.8705104779270265,0.9354564092111667,False,1206,38228,5060901
