intersect_bp,f_orig_query,f_match,f_unique_to_query,f_unique_weighted,average_abund,median_abund,std_abund,filename,name,md5,f_match_orig,unique_intersect_bp,gather_result_rank,remaining_bp,query_filename,query_name,query_md5,query_bp,ksize,moltype,scaled,query_n_hashes,query_abundance,query_containment_ani,match_containment_ani,average_containment_ani,max_containment_ani,potential_false_negative,n_unique_weighted_found,sum_weighted_found,total_weighted_hashes
2273000,0.040016196612795325,1.0,0.040016196612795325,0.8692145955330846,187.8776946766388,178.0,81.41585309186833,/data/namlhs/StrainDB_CRC/sourmash/database/fuso_db.zip,GCF_041537885.1,00c427a5a8b28ab5384ad15c2eb0b50e,1.0,2273000,0,563000,test_fastq/SRR30335507.fastq.gz,test_fastq/SRR30335507.fastq.gz,a4b726e0,56802000,31,DNA,1000,56802,True,0.9013860498958363,1.0,0.9506930249479182,1.0,False,427046,427046,491301
349000,0.0061441498538783845,0.03116260487415102,0.001373191084820957,0.0024770965253480045,15.602564102564102,1.0,126.08750926806903,/data/namlhs/StrainDB_CRC/sourmash/database/fuso_db.zip,GCA_037031465.1,ef1dcb8f5b7997e3a1ca2ec48dc1b4f7,0.13943268078306031,78000,1,485000,test_fastq/SRR30335507.fastq.gz,test_fastq/SRR30335507.fastq.gz,a4b726e0,56802000,31,DNA,1000,56802,True,0.848516043107637,0.9384234621610077,0.8934697526343223,0.9384234621610077,False,1217,428263,491301
353000,0.006214569909510229,0.023890784982935155,0.0011091158762015422,0.0024506361680517647,19.11111111111111,1.0,97.1431787524503,/data/namlhs/StrainDB_CRC/sourmash/database/fuso_db.zip,GCA_037911935.1,9b3ec7f3a0b477d7b50e4f4d1c5d2b67,0.13386423966628744,63000,2,422000,test_fastq/SRR30335507.fastq.gz,test_fastq/SRR30335507.fastq.gz,a4b726e0,56802000,31,DNA,1000,56802,True,0.8488280295837529,0.9371905256628222,0.8930092776232876,0.9371905256628222,False,1204,429467,491301
